B2,B3,B4,B5,B6,B7
20180717-200206_41_live,user_1843,0,,0.5,10
20180717-200206_41_live,user_1494,1,0.5,0.5,10
20180719-120436_413_live,user_1556,0,,0,10
20180719-120436_413_live,user_1363,1,,0,10
20180719-122534_38_live,user_83,0,,0,11
20180719-122534_38_live,user_1222,1,5,0.5,11
20180719-165941_192_live,user_1363,0,,0,10
20180719-165941_192_live,user_845,1,50,0,10
20180719-175233_833_live,user_1363,0,,0,10
20180719-175233_833_live,user_324,1,,0.05,10
20180719-181845_211_live,user_1273,0,20,0,11
20180719-181845_211_live,user_1363,1,20,0,11
20180719-182453_233_live,user_911,0,,0,10
20180719-182453_233_live,user_454,1,10,0,10
20180719-202443_897_live,user_1363,0,,0,10
20180719-202443_897_live,user_1762,1,1,1,10
20180719-204358_391_live,user_1363,0,,0,10
20180719-204358_391_live,user_685,1,0.5,0,10
20180719-210146_172_live,user_2032,0,,0.25,10
20180719-210146_172_live,user_446,1,2,0,10
20180719-211253_768_live,user_1363,0,,0,11
20180719-211253_768_live,user_1259,1,0.5,0.5,11
20180719-211301_463_live,user_1842,0,,0,11
20180719-211301_463_live,user_2118,1,5,0,11
20180719-211846_176_live,user_431,0,,0,10
20180719-211846_176_live,user_473,1,1.5,0,10
20180723-025150_733_live,user_219,0,,0.2,10
20180723-025150_733_live,user_1042,1,0.2,0.2,10
20180723-031022_254_live,user_977,0,,0,10
20180723-031022_254_live,user_1009,1,5,1,10
20180723-034109_263_live,user_2071,0,,0,11
20180723-034109_263_live,user_1065,1,1,1,11
20180723-034654_121_live,user_1588,0,,0,11
20180723-034654_121_live,user_1244,1,1,0,11
20180723-040634_575_live,user_512,0,,0,10
20180723-040634_575_live,user_1690,1,1.25,1.25,10
20180723-042226_724_live,user_1042,0,,0,11
20180723-042226_724_live,user_527,1,,0.5,11
20180723-042342_809_live,user_1174,0,,0,11
20180723-042342_809_live,user_764,1,,0,11
20180723-042344_940_live,user_2219,0,,0,10
20180723-042344_940_live,user_1580,1,0.1,0,10
20180723-042421_113_live,user_910,0,36,0.5,10
20180723-042421_113_live,user_178,1,36,0,10
20180723-044617_32_live,user_185,0,,0,11
20180723-044617_32_live,user_1367,1,,0.5,11
20180723-052203_936_live,user_1380,0,,0,10
20180723-052203_936_live,user_1217,1,1,0.5,10
20180723-055038_776_live,user_1442,0,0.5,0,11
20180723-055038_776_live,user_284,1,0.5,0.5,11
20180723-061928_535_live,user_406,0,,0,11
20180723-061928_535_live,user_1347,1,125,100,11
20180723-062856_180_live,user_60,0,,0,11
20180723-062856_180_live,user_1438,1,,0.1,11
20180723-064603_378_live,user_295,0,,0,10
20180723-064603_378_live,user_922,1,,0,10
20180723-070336_48_live,user_1363,0,,0,10
20180723-070336_48_live,user_536,1,0,0,10
20180723-072435_196_live,user_1363,0,,0,10
20180723-072435_196_live,user_60,1,,0.01,10
20180723-073352_280_live,user_1158,0,,0,11
20180723-073352_280_live,user_1438,1,0.05,0.05,11
20180723-073908_711_live,user_906,0,,0,10
20180723-073908_711_live,user_496,1,0.5,0.5,10
20180723-074147_879_live,user_1363,0,,0,10
20180723-074147_879_live,user_60,1,0.005,0,10
20180723-075339_567_live,user_1438,0,,0,10
20180723-075339_567_live,user_1405,1,0.2,0,10
20180723-080158_200_live,user_1363,0,,0,10
20180723-080158_200_live,user_1175,1,,0,10
20180723-080248_452_live,user_60,0,,0,10
20180723-080248_452_live,user_1438,1,,0.01,10
20180723-082451_335_live,user_2116,0,,0,10
20180723-082451_335_live,user_1363,1,0.5,0,10
20180723-091102_738_live,user_2121,0,,0,11
20180723-091102_738_live,user_1438,1,,0,11
20180723-091419_371_live,user_1801,0,,0,10
20180723-091419_371_live,user_1441,1,,0.25,10
20180723-091508_49_live,user_1321,0,,0,10
20180723-091508_49_live,user_1926,1,0.1,0,10
20180723-093509_578_live,user_1726,0,,1,11
20180723-093509_578_live,user_151,1,1,1,11
20180723-094242_630_live,user_1438,0,,0,10
20180723-094242_630_live,user_2089,1,,1,10
20180723-100140_767_live,user_770,0,,0,10
20180723-100140_767_live,user_809,1,1,0,10
20180723-100855_385_live,user_1128,0,,0,10
20180723-100855_385_live,user_61,1,,0,10
20180723-101530_805_live,user_1363,0,,0,10
20180723-101530_805_live,user_740,1,0.5,0.5,10
20180723-103902_895_live,user_1583,0,,0.25,11
20180723-103902_895_live,user_1363,1,0.5,0,11
20180723-105210_403_live,user_2189,0,10,0,10
20180723-105210_403_live,user_1984,1,10,0,10
20180723-112016_503_live,user_1010,0,,0,10
20180723-112016_503_live,user_1453,1,0.01,0.01,10
20180723-113128_856_live,user_620,0,,0,11
20180723-113128_856_live,user_1332,1,,2,11
20180723-113700_19_live,user_1041,0,,1,11
20180723-113700_19_live,user_1221,1,1,1,11
20180723-114415_254_live,user_18,0,,0,10
20180723-114415_254_live,user_1908,1,100,0.1,10
20180723-120746_371_live,user_1295,0,,10,10
20180723-120746_371_live,user_2080,1,,0,10
20180723-121545_265_live,user_635,0,,0.25,11
20180723-121545_265_live,user_1363,1,0.25,0,11
20180723-122005_335_live,user_869,0,,0,10
20180723-122005_335_live,user_94,1,,0,10
20180808-001810_178_live,user_1176,0,,0.05,10
20180808-001810_178_live,user_1905,1,0,0,10
20180808-004203_194_live,user_214,0,,0,11
20180808-004203_194_live,user_240,1,,0,11
20180808-011341_389_live,user_2038,0,0.5,0.1,15
20180808-011341_389_live,user_1539,1,0.5,0.5,15
20180808-011921_673_live,user_527,0,0,0.5,10
20180808-011921_673_live,user_1425,1,0,1,10
20180808-013755_350_live,user_1820,0,,0,11
20180808-013755_350_live,user_1375,1,1,2,11
20180808-015530_429_live,user_1182,0,,0.05,10
20180808-015530_429_live,user_848,1,0.6,0.6,10
20180808-020257_457_live,user_527,0,,0.5,10
20180808-020257_457_live,user_1448,1,,1,10
20180808-021732_428_live,user_273,0,,0,10
20180808-021732_428_live,user_2,1,20,0,10
20180808-022005_838_live,user_747,0,,0.05,10
20180808-022005_838_live,user_1246,1,0.5,0,10
20180808-022730_384_live,user_529,0,2,0,11
20180808-022730_384_live,user_1105,1,,0,11
20180808-024552_152_live,user_2,0,,0,11
20180808-024552_152_live,user_1437,1,,0,11
20180808-030338_328_live,user_621,0,,0,11
20180808-030338_328_live,user_2,1,,0,11
20180808-030454_242_live,user_527,0,,0.5,11
20180808-030454_242_live,user_870,1,,0.25,11
20180808-032041_562_live,user_2104,0,0.05,0.05,10
20180808-032041_562_live,user_609,1,0.05,0,10
20180808-032124_114_live,user_2157,0,,0,10
20180808-032124_114_live,user_1293,1,0,0,10
20180808-032354_369_live,user_1952,0,2,0,11
20180808-032354_369_live,user_2,1,,0,11
20180808-032545_201_live,user_501,0,,0,10
20180808-032545_201_live,user_1027,1,,0,10
20180808-033451_555_live,user_2,0,0.85,0,10
20180808-033451_555_live,user_318,1,0.85,0.5,10
20180808-034352_717_live,user_1540,0,,0,10
20180808-034352_717_live,user_547,1,0.1,0.1,10
20180808-034448_815_live,user_15,0,,0,11
20180808-034448_815_live,user_371,1,,0,11
20180808-035431_488_live,user_527,0,,0.5,10
20180808-035431_488_live,user_1516,1,,0.1,10
20180808-035715_390_live,user_1007,0,,0,10
20180808-035715_390_live,user_243,1,2,0,10
20180808-040435_931_live,user_1141,0,,0,11
20180808-040435_931_live,user_2,1,0,0,11
20180808-042339_620_live,user_1886,0,,0,10
20180808-042339_620_live,user_2,1,10000,0,10
20180808-043445_804_live,user_527,0,,0.5,11
20180808-043445_804_live,user_2093,1,,0.5,11
20180808-050533_601_live,user_271,0,,0,11
20180808-050533_601_live,user_755,1,0,0,11
20180808-052501_689_live,user_633,0,,0,10
20180808-052501_689_live,user_2049,1,10,10,10
20180808-062753_12_live,user_1039,0,,0,10
20180808-062753_12_live,user_1871,1,1.15,0,10
20180808-063034_444_live,user_244,0,,0,10
20180808-063034_444_live,user_1412,1,,0,10
20180808-064212_144_live,user_394,0,,0.5,10
20180808-064212_144_live,user_163,1,0.5,0,10
20180808-064649_236_live,user_501,0,50,0,10
20180808-064649_236_live,user_157,1,100,0,10
20180808-065307_529_live,user_111,0,,0,10
20180808-065307_529_live,user_922,1,,0,10
20180808-070517_921_live,user_1079,0,,1,10
20180808-070517_921_live,user_969,1,2,2,10
20180808-074917_388_live,user_562,0,,0.1,12
20180808-074917_388_live,user_200,1,0.1,0,12
20180808-075748_956_live,user_1817,0,0.5,0,10
20180808-075748_956_live,user_917,1,0.5,0,10
20180808-075816_12_live,user_1608,0,,0.1,11
20180808-075816_12_live,user_2197,1,0.5,0,11
20180808-081317_142_live,user_468,0,,0,11
20180808-081317_142_live,user_919,1,1,0,11
20180823-020508_596_live,user_1914,0,0.3,0,10
20180823-020508_596_live,user_576,1,0.1,0,10
20180824-015242_301_live,user_1628,0,,0,11
20180824-015242_301_live,user_2145,1,,0,11
20180824-020419_695_live,user_1068,0,,1,11
20180824-020419_695_live,user_2223,1,0.85,0.85,11
20180824-022557_24_live,user_70,0,,0,10
20180824-022557_24_live,user_1099,1,,0,10
20180824-022709_450_live,user_779,0,,0,10
20180824-022709_450_live,user_2019,1,,0,10
20180824-023730_85_live,user_1975,0,,0,10
20180824-023730_85_live,user_644,1,,0,10
20180824-031232_169_live,user_1170,0,,0.1,10
20180824-031232_169_live,user_219,1,0.2,0.02,10
20180824-120314_637_live,user_1587,0,,0.2,10
20180824-120314_637_live,user_975,1,,0.15,10
20180824-120504_474_live,user_1099,0,,0,10
20180824-120504_474_live,user_917,1,,0,10
20180824-121026_498_live,user_1254,0,,0,10
20180824-121026_498_live,user_2239,1,1.25,0,10
20180824-130121_505_live,user_669,0,,0.25,
20180824-130121_505_live,user_1376,1,,0.5,10
20180825-042845_49_live,user_1818,0,0.3,0.3,10
20180825-042845_49_live,user_132,1,0.3,0.3,10
20180825-043229_970_live,user_736,0,,0.05,10
20180825-043229_970_live,user_1088,1,20,0,10
20180825-043341_782_live,user_35,0,,0,10
20180825-043341_782_live,user_2100,1,10,0.1,10
20180825-043516_619_live,user_1634,0,,0,11
20180825-043516_619_live,user_565,1,0.01,0,11
20180825-044048_639_live,user_529,0,,0,10
20180825-044048_639_live,user_1590,1,0.3,0.05,10
20180825-044252_786_live,user_2114,0,,0,11
20180825-044252_786_live,user_1775,1,0.05,0.05,11
20180825-044358_663_live,user_1822,0,,0.13,10
20180825-044358_663_live,user_1454,1,1,0,10
20180825-044613_233_live,user_1379,0,,0.5,11
20180825-044613_233_live,user_1479,1,0.5,0.5,11
20180825-045559_409_live,user_533,0,,0,10
20180825-045559_409_live,user_1007,1,,0,10
20180825-050306_247_live,user_51,0,,0.5,10
20180825-050306_247_live,user_211,1,20,0,10
20180825-051212_932_live,user_1561,0,,0.3,10
20180825-051212_932_live,user_1429,1,5,7,10
20180825-052611_640_live,user_2225,0,,0,10
20180825-052611_640_live,user_1979,1,0,0,10
20180825-053544_897_live,user_767,0,,0.3,10
20180825-053544_897_live,user_748,1,,0,10
20180825-053711_81_live,user_2145,0,,0,11
20180825-053711_81_live,user_62,1,0.01,1,11
20180825-054948_621_live,user_51,0,,0,10
20180825-054948_621_live,user_391,1,0,0.3,10
20180825-055034_34_live,user_1718,0,,0,11
20180825-055034_34_live,user_1659,1,,0,11
20180825-055321_232_live,user_82,0,10,0.1,11
20180825-055321_232_live,user_1810,1,25,0.1,11
20180825-055427_625_live,user_1413,0,0.3,0,10
20180825-055427_625_live,user_89,1,0.3,0.3,10
20180825-060212_445_live,user_513,0,,0.5,10
20180825-060212_445_live,user_1270,1,,0.1,10
20180825-060251_387_live,user_744,0,,0,10
20180825-060251_387_live,user_389,1,0.15,0.15,10
20180825-060648_863_live,user_664,0,,0,10
20180825-060648_863_live,user_1095,1,2,2,10
20180825-061105_792_live,user_226,0,0.15,0,10
20180825-061105_792_live,user_1414,1,0.15,0.15,10
20180825-062128_451_live,user_240,0,,0,10
20180825-062128_451_live,user_823,1,1,0.5,10
20180825-062219_874_live,user_1056,0,,0,10
20180825-062219_874_live,user_63,1,0,0,10
20180825-063009_943_live,user_861,0,,0.3,10
20180825-063009_943_live,user_564,1,,0,10
20180825-063117_677_live,user_1032,0,10,0,10
20180825-063117_677_live,user_1200,1,100,0.2,10
20180825-064001_264_live,user_1771,0,,0.2,11
20180825-064001_264_live,user_1803,1,0.2,0.2,11
20180825-064038_102_live,user_1301,0,,0,10
20180825-064038_102_live,user_1171,1,0,0,10
20180825-064811_939_live,user_1404,0,,0.2,10
20180825-064811_939_live,user_222,1,0.05,0.05,10
20180825-064838_945_live,user_858,0,,0,10
20180825-064838_945_live,user_1284,1,20,0,10
20180825-065106_23_live,user_1362,0,,0,10
20180825-065106_23_live,user_299,1,5,0.1,10
20180825-065411_526_live,user_878,0,0.1,0.1,10
20180825-065411_526_live,user_2132,1,0.1,0.1,10
20180825-070515_947_live,user_380,0,,0.05,10
20180825-070515_947_live,user_955,1,,0.25,10
20180825-070857_925_live,user_2018,0,,0,11
20180825-070857_925_live,user_882,1,0.3,0,11
20180825-070900_49_live,user_1810,0,,0.25,10
20180825-070900_49_live,user_352,1,10,0.25,10
20180825-071316_761_live,user_548,0,,0.1,10
20180825-071316_761_live,user_339,1,20,0,10
20180825-071459_643_live,user_1492,0,,0,10
20180825-071459_643_live,user_169,1,0.15,0.15,10
20180825-071727_819_live,user_1122,0,,0.15,10
20180825-071727_819_live,user_2250,1,0.15,0.15,10
20180825-073559_995_live,user_1895,0,,0.3,10
20180825-073559_995_live,user_2048,1,1,0,10
20180825-073629_433_live,user_2028,0,,0.1,10
20180825-073629_433_live,user_1674,1,0.05,0,10
20180825-073813_141_live,user_209,0,,0,10
20180825-073813_141_live,user_1024,1,1,0,10
20180825-074318_984_live,user_1181,0,,0,10
20180825-074318_984_live,user_66,1,0.3,0.3,10
20180825-075451_984_live,user_957,0,,0.1,10
20180825-075451_984_live,user_1465,1,0.1,0.1,10
20180825-075611_866_live,user_1782,0,,0,10
20180825-075611_866_live,user_2214,1,0.05,0.05,10
20180825-075627_48_live,user_1775,0,,0,10
20180825-075627_48_live,user_365,1,0,0,10
20180825-075630_493_live,user_355,0,,0.05,10
20180825-075630_493_live,user_245,1,1,1,10
20180825-075647_663_live,user_347,0,,0.01,11
20180825-075647_663_live,user_2198,1,5,0,11
20180825-075658_709_live,user_1674,0,,0,11
20180825-075658_709_live,user_146,1,10,0,11
20180825-075844_569_live,user_1689,0,0.25,0.25,11
20180825-075844_569_live,user_836,1,0.25,0.25,11
20180825-075913_208_live,user_1483,0,,0,11
20180825-075913_208_live,user_882,1,1.2,0,11
20180825-080131_220_live,user_72,0,,0,10
20180825-080131_220_live,user_1814,1,0.15,0.15,10
20180825-080436_824_live,user_251,0,10,10,11
20180825-080436_824_live,user_1179,1,10,10,11
20180825-080802_964_live,user_1519,0,,0.15,11
20180825-080802_964_live,user_281,1,1,1,11
20180825-081402_621_live,user_2028,0,,0,10
20180825-081402_621_live,user_1985,1,0.3,0.3,10
20180825-081502_364_live,user_355,0,,0.05,11
20180825-081502_364_live,user_1674,1,0.05,0,11
20180825-081859_875_live,user_759,0,,0.01,10
20180825-081859_875_live,user_689,1,0.1,0.1,10
20180825-082635_438_live,user_2161,0,,0,10
20180825-082635_438_live,user_1178,1,,0.15,10
20180825-083430_379_live,user_1674,0,,0,10
20180825-083430_379_live,user_2198,1,,0,10
20180825-083745_516_live,user_596,0,,0,10
20180825-083745_516_live,user_355,1,0.15,0.15,10
20180825-084254_215_live,user_1475,0,1,1,11
20180825-084254_215_live,user_1810,1,1,1,11
20180825-084657_775_live,user_1692,0,,0.5,10
20180825-084657_775_live,user_660,1,0.1,0,10
20180825-085214_779_live,user_1674,0,,0,10
20180825-085214_779_live,user_2198,1,5,0,10
20180825-085709_930_live,user_2028,0,0.2,0.2,10
20180825-085709_930_live,user_380,1,0.2,0.1,10
20180825-085908_923_live,user_355,0,0.15,0.15,11
20180825-085908_923_live,user_785,1,0.15,0,11
20180825-090032_956_live,user_1985,0,,0,10
20180825-090032_956_live,user_1653,1,0,0,10
20180825-090251_7_live,user_1810,0,,0.1,10
20180825-090251_7_live,user_660,1,5,0,10
20180825-090446_585_live,user_1364,0,,0,10
20180825-090446_585_live,user_2198,1,10,0,10
20180825-091558_618_live,user_380,0,,0,11
20180825-091558_618_live,user_2028,1,,0,11
20180825-092012_333_live,user_660,0,,0,10
20180825-092012_333_live,user_1114,1,,0,10
20180825-100043_534_live,user_638,0,,0.25,11
20180825-100043_534_live,user_2076,1,,0.1,11
20180825-102556_172_live,user_1987,0,1,1,11
20180825-102556_172_live,user_2205,1,1,1,11
20180825-111850_152_live,user_488,0,0.25,0,11
20180825-111850_152_live,user_1674,1,0.25,0,11
20180825-112434_860_live,user_2136,0,,0.1,10
20180825-112434_860_live,user_55,1,0.3,0,10
20180825-112615_516_live,user_130,0,,0,11
20180825-112615_516_live,user_201,1,,0,11
20180825-125810_869_live,user_537,0,,0,10
20180825-125810_869_live,user_1791,1,100,0.05,10
20180825-143255_249_live,user_395,0,,0,10
20180825-143255_249_live,user_800,1,0.1,0.05,10
20180825-210735_192_live,user_905,0,,0,10
20180825-210735_192_live,user_597,1,10,0.1,10
20180826-011431_343_live,user_667,0,,0,10
20180826-011431_343_live,user_835,1,5,0,10
20180826-013036_595_live,user_1471,0,,0,11
20180826-013036_595_live,user_19,1,0.15,0,11
20180826-013529_897_live,user_1080,0,5,0,10
20180826-013529_897_live,user_1054,1,5,5,10
20180826-013831_953_live,user_1635,0,2,1,10
20180826-013831_953_live,user_816,1,1,1,10
20180826-020520_686_live,user_667,0,,0,11
20180826-020520_686_live,user_1315,1,,0,11
20180826-021724_326_live,user_195,0,,1,10
20180826-021724_326_live,user_1054,1,1,1,10
20180826-023807_40_live,user_865,0,,0,13
20180826-023807_40_live,user_709,1,,0.25,13
20180826-033211_245_live,user_1012,0,,0,11
20180826-033211_245_live,user_390,1,,0.05,11
20180826-040651_411_live,user_495,0,,0,11
20180826-040651_411_live,user_569,1,100,0.01,11
20180826-043247_456_live,user_2244,0,,0,11
20180826-043247_456_live,user_931,1,1,0,11
20180826-044626_167_live,user_102,0,,0,11
20180826-044626_167_live,user_1479,1,0.25,0,11
20180826-045748_926_live,user_569,0,5,0.1,10
20180826-045748_926_live,user_300,1,5,0,10
20180826-052222_969_live,user_1218,0,,0,10
20180826-052222_969_live,user_1814,1,0.3,0.3,10
20180826-053811_708_live,user_197,0,,0,10
20180826-053811_708_live,user_1865,1,,0.2,10
20180826-053845_531_live,user_1491,0,,0.5,11
20180826-053845_531_live,user_1185,1,,0.3,11
20180826-054028_444_live,user_1810,0,1,0.1,10
20180826-054028_444_live,user_147,1,1,1,10
20180826-054232_684_live,user_112,0,,0,10
20180826-054232_684_live,user_532,1,0.2,0.2,10
20180826-054344_65_live,user_2070,0,,1,10
20180826-054344_65_live,user_753,1,500,0,10
20180826-055352_947_live,user_1823,0,,0.15,11
20180826-055352_947_live,user_1249,1,,0,11
20180826-060201_521_live,user_197,0,,0.1,11
20180826-060201_521_live,user_858,1,10,0,11
20180826-061500_476_live,user_426,0,,0.5,11
20180826-061500_476_live,user_1980,1,10,0,11
20180826-061846_932_live,user_1285,0,,10,11
20180826-061846_932_live,user_1809,1,,0.3,11
20180826-061949_863_live,user_197,0,,0.2,10
20180826-061949_863_live,user_1189,1,5,0,10
20180826-062356_655_live,user_569,0,,0.1,10
20180826-062356_655_live,user_49,1,,0,10
20180826-062736_188_live,user_2145,0,,0,11
20180826-062736_188_live,user_1063,1,,0,11
20180826-062755_702_live,user_1810,0,,0.05,10
20180826-062755_702_live,user_198,1,0.05,0.05,10
20180826-063853_537_live,user_904,0,,0,10
20180826-063853_537_live,user_197,1,,0.05,10
20180826-064104_677_live,user_1810,0,,0.05,10
20180826-064104_677_live,user_31,1,0.1,0,10
20180826-064412_288_live,user_1627,0,,0,10
20180826-064412_288_live,user_858,1,,0,10
20180826-065245_39_live,user_2244,0,,0.5,10
20180826-065245_39_live,user_955,1,,0.1,10
20180826-070022_438_live,user_197,0,,0,10
20180826-070022_438_live,user_198,1,0.05,0.05,10
20180826-070323_186_live,user_858,0,,0,10
20180826-070323_186_live,user_1441,1,,0,10
20180826-072151_442_live,user_197,0,5,0,10
20180826-072151_442_live,user_380,1,5,5,10
20180826-073320_803_live,user_1575,0,,0.25,10
20180826-073320_803_live,user_919,1,20,0,10
20180826-073858_133_live,user_198,0,1,0.05,11
20180826-073858_133_live,user_2128,1,0.3,0.3,11
20180826-080505_231_live,user_950,0,,0,10
20180826-080505_231_live,user_1074,1,0.25,0,10
20180826-082717_200_live,user_2241,0,,0.1,10
20180826-082717_200_live,user_1974,1,0.1,0.1,10
20180826-173836_197_live,user_2153,0,,0.5,10
20180826-173836_197_live,user_1284,1,0.5,0,10
20180826-174120_426_live,user_1054,0,0.15,0.15,11
20180826-174120_426_live,user_322,1,0.15,0.15,11
20180826-174459_637_live,user_1467,0,,0,10
20180826-174459_637_live,user_1912,1,1,0,10
20180826-174933_275_live,user_1975,0,,0,10
20180826-174933_275_live,user_1493,1,,0,10
20180826-174957_757_live,user_511,0,0.2,0,11
20180826-174957_757_live,user_2185,1,0.2,0.2,11
20180826-175233_4_live,user_858,0,,0,10
20180826-175233_4_live,user_1120,1,1,0,10
20180826-175345_318_live,user_432,0,,0,10
20180826-175345_318_live,user_1530,1,,0,10
20180826-175426_937_live,user_2198,0,0.5,0,10
20180826-175426_937_live,user_532,1,0.5,0.5,10
20180826-175705_624_live,user_380,0,,0,10
20180826-175705_624_live,user_1284,1,0.6,0,10
20180826-175706_443_live,user_371,0,,0,10
20180826-175706_443_live,user_1507,1,0,0,10
20180826-175853_545_live,user_197,0,,0.01,10
20180826-175853_545_live,user_199,1,0.1,0.1,10
20180826-180009_407_live,user_1258,0,,0.5,10
20180826-180009_407_live,user_651,1,0.1,0,10
20180826-180300_663_live,user_319,0,,0,11
20180826-180300_663_live,user_667,1,2,0,11
20180826-180314_928_live,user_1872,0,0.3,0.3,10
20180826-180314_928_live,user_30,1,0.2,0,10
20180826-180554_582_live,user_11,0,,0.1,11
20180826-180554_582_live,user_660,1,5,0,11
20180826-180631_700_live,user_858,0,,0,10
20180826-180631_700_live,user_2236,1,0,0.15,10
20180826-181020_331_live,user_194,0,,1,11
20180826-181020_331_live,user_2198,1,3,0,11
20180826-181249_805_live,user_189,0,,0,10
20180826-181249_805_live,user_1133,1,0.25,0,10
20180826-181742_58_live,user_380,0,,0,11
20180826-181742_58_live,user_1784,1,20,0,11
20180826-181903_395_live,user_1467,0,,0,10
20180826-181903_395_live,user_9,1,0.15,0,10
20180826-181951_904_live,user_2138,0,,0,10
20180826-181951_904_live,user_205,1,0.05,0.05,10
20180826-182047_49_live,user_1284,0,,0,10
20180826-182047_49_live,user_689,1,10,0,10
20180826-182048_519_live,user_835,0,,0,11
20180826-182048_519_live,user_1712,1,,0,11
20180826-182522_887_live,user_841,0,,0.05,10
20180826-182522_887_live,user_625,1,0.2,0.2,10
20180826-184037_209_live,user_573,0,0.1,0,10
20180826-184037_209_live,user_64,1,0.1,0.1,10
20180826-184708_183_live,user_1362,0,,0,10
20180826-184708_183_live,user_1892,1,,0,10
20180826-190151_488_live,user_2236,0,,0.15,10
20180826-190151_488_live,user_1955,1,20,0,10
20180826-192022_0_live,user_577,0,,0.1,11
20180826-192022_0_live,user_1143,1,,0,11
20180826-193546_146_live,user_1388,0,,0,10
20180826-193546_146_live,user_1467,1,25,0,10
20180826-194841_403_live,user_2236,0,,0.05,11
20180826-194841_403_live,user_1433,1,,0.3,11
20180826-203821_83_live,user_1467,0,,0,10
20180826-203821_83_live,user_1567,1,0.1,0.1,10
20180826-204907_535_live,user_1895,0,,0,10
20180826-204907_535_live,user_1622,1,0.3,0.3,10
20180826-210609_644_live,user_1190,0,,0,11
20180826-210609_644_live,user_1182,1,0.05,0.05,11
20180826-212714_597_live,user_1467,0,,0,10
20180826-212714_597_live,user_978,1,0.15,0.15,10
20180826-220528_999_live,user_965,0,,0,10
20180826-220528_999_live,user_1501,1,0.3,0.3,10
20180826-220838_141_live,user_170,0,,0,11
20180826-220838_141_live,user_1467,1,50,0,11
20180827-004037_444_live,user_1411,0,,0,10
20180827-004037_444_live,user_1482,1,,1,10
20180827-004200_630_live,user_817,0,,0,11
20180827-004200_630_live,user_1753,1,10,0.3,11
20180827-021816_456_live,user_1928,0,,0,10
20180827-021816_456_live,user_874,1,0.3,50,10
20180827-024612_480_live,user_569,0,,0,10
20180827-024612_480_live,user_1018,1,,0,10
20180827-025236_792_live,user_1928,0,,0.1,10
20180827-025236_792_live,user_1195,1,0.3,0.2,10
20180827-030633_256_live,user_569,0,,0,10
20180827-030633_256_live,user_2187,1,,10,10
20180827-032231_430_live,user_569,0,,0,10
20180827-032231_430_live,user_197,1,,0.01,10
20180827-032731_796_live,user_621,0,,0,10
20180827-032731_796_live,user_1082,1,100,100,10
20180827-032811_159_live,user_1277,0,,0,12
20180827-032811_159_live,user_1504,1,25,25,12
20180827-033057_106_live,user_527,0,,1,12
20180827-033057_106_live,user_2047,1,,0.1,12
20180827-033412_606_live,user_414,0,,0.15,10
20180827-033412_606_live,user_1928,1,0.15,0.15,10
20180827-033451_673_live,user_1954,0,,0.3,11
20180827-033451_673_live,user_804,1,0.5,2,11
20180827-034056_964_live,user_197,0,,0.01,10
20180827-034056_964_live,user_1154,1,0,0,10
20180827-034916_910_live,user_1810,0,,0.05,10
20180827-034916_910_live,user_1758,1,0.3,0.3,10
20180827-035202_980_live,user_1379,0,,0,11
20180827-035202_980_live,user_678,1,0,0,11
20180827-041027_973_live,user_569,0,,0,10
20180827-041027_973_live,user_841,1,,0,10
20180827-041028_432_live,user_1810,0,,0.05,10
20180827-041028_432_live,user_189,1,0.1,0.1,10
20180827-043632_426_live,user_609,0,0.01,0,10
20180827-043632_426_live,user_880,1,0.01,0.1,10
20180827-050740_909_live,user_858,0,,0,10
20180827-050740_909_live,user_2225,1,0,0,10
20180827-051440_378_live,user_119,0,0.15,0,11
20180827-051440_378_live,user_855,1,0.1,0,11
20180827-053243_818_live,user_1701,0,,0,11
20180827-053243_818_live,user_904,1,0,0,11
20180828-151914_101_live,user_705,0,,1,
20180828-151914_101_live,user_2231,1,1,1,10
20180828-165639_960_live,user_1493,0,,0,
20180828-165639_960_live,user_1362,1,0.3,0,10
20180829-082113_449_live,user_1620,0,,0.25,
20180829-082113_449_live,user_1303,1,0.25,0.5,10
20180829-084042_694_live,user_357,0,,0,
20180829-084042_694_live,user_1305,1,1,0,10
20180902-215344_542_live,user_1298,0,,0,
20180902-215344_542_live,user_2234,1,2,2,10
20180902-220100_244_live,user_791,0,,0,
20180902-220100_244_live,user_508,1,0.5,0.5,10
20180902-222227_892_live,user_309,0,,0,
20180902-222227_892_live,user_322,1,2,2,10
20180903-094545_472_live,user_1134,0,,0,
20180903-094545_472_live,user_374,1,,0,10
20180903-103835_253_live,user_1385,0,,0,
20180903-103835_253_live,user_729,1,,0,10
20180903-103939_512_live,user_1247,0,,0,
20180903-103939_512_live,user_1093,1,0.25,0.02,10
20180903-111245_955_live,user_1875,0,,0.1,
20180903-111245_955_live,user_1553,1,1,1,10
20180903-132332_521_live,user_689,0,,0,
20180903-132332_521_live,user_259,1,0.25,0,10
20180903-134122_237_live,user_1081,0,,0,
20180903-134122_237_live,user_91,1,,0.2,10
20180903-145436_470_live,user_1847,0,,0.5,
20180903-145436_470_live,user_858,1,,0,10
20180903-163331_887_live,user_45,0,,0.1,
20180903-163331_887_live,user_241,1,2,2,10
20180903-165804_344_live,user_2086,0,,0,
20180903-165804_344_live,user_342,1,0,0,10
20180903-224911_659_live,user_1628,0,,0,
20180903-224911_659_live,user_1604,1,,1,10
20180904-004818_580_live,user_479,0,,0.05,11
20180904-004818_580_live,user_788,1,0.25,0.25,11
20180904-012448_306_live,user_1054,0,,0.1,10
20180904-012448_306_live,user_1455,1,0.1,0.1,10
20180904-012828_299_live,user_1594,0,,0,10
20180904-012828_299_live,user_1928,1,,0,10
20180904-024226_703_live,user_198,0,0.01,0.05,10
20180904-024226_703_live,user_1153,1,0.05,0.05,10
20180904-025026_901_live,user_1559,0,,0,10
20180904-025026_901_live,user_1379,1,0.3,0.3,10
20180904-030739_178_live,user_1104,0,,0,10
20180904-030739_178_live,user_621,1,,0,10
20180904-032932_423_live,user_816,0,,1,11
20180904-032932_423_live,user_1169,1,1,1,11
20180904-043300_214_live,user_858,0,,0,10
20180904-043300_214_live,user_1473,1,,0,10
20180904-045349_715_live,user_585,0,,0,11
20180904-045349_715_live,user_1810,1,0.2,0,11
20180904-073734_888_live,user_1237,0,,1,
20180904-073734_888_live,user_1833,1,,0,10